Institution name,FTE of submitted staff,GPA,search_name,alt_name,editors,Allied Academies,American Psychological Association,American Society of Civil Engineers,BioMedCentral,Cambridge University Press,eLife,Elsevier,Emerald,Frontiers,Hindawi,IGI Global,iMedPub,Inderscience,John Benjamins,Karger,Longdom,MDPI,PeerJ,Pleiades,PLOS,SAGE,SCIRP,Brill,Springer Nature,Royal Society of Chemistry,SciTechnol,All
The Royal Central School of Speech and Drama,30.5,3.6700000000000004,Royal Central School of Speech and Drama,,0.0,0.0,0.0,0.0,0.0,0.0,0.0,0.0,0.0,0.0,0.0,0.0,0.0,0.0,0.0,0.0,0.0,0.0,0.0,0.0,0.0,0.0,0.0,0.0,0.0,0.0,0.0,0.0
"Imperial College of Science, Technology and Medicine",1549.86,3.66,"Imperial College of Science, Technology and Medicine",Imperial College,308.0,0.0,0.0,3.0,47.0,22.0,3.0,308.0,3.0,633.0,25.0,8.0,0.0,19.0,1.0,8.0,11.0,21.0,8.0,4.0,42.0,112.0,3.0,1.0,17.0,32.0,3.0,1334.0
Institute of Cancer Research: Royal Cancer Hospital (The),102.4,3.63,Institute of Cancer Research: Royal Cancer Hospital (The),,0.0,0.0,0.0,0.0,0.0,0.0,0.0,0.0,0.0,0.0,0.0,0.0,0.0,0.0,0.0,0.0,0.0,0.0,0.0,0.0,0.0,0.0,0.0,0.0,0.0,0.0,0.0,0.0
London Business School,106.45,3.6199999999999997,London Business School,,28.0,0.0,0.0,0.0,0.0,1.0,0.0,28.0,0.0,0.0,0.0,0.0,0.0,4.0,0.0,0.0,0.0,0.0,0.0,0.0,0.0,19.0,0.0,0.0,0.0,0.0,0.0,52.0
University of Cambridge,2846.87,3.5399999999999996,University of Cambridge,,293.0,0.0,5.0,0.0,48.0,190.0,7.0,293.0,19.0,616.0,3.0,3.0,2.0,22.0,8.0,8.0,3.0,10.0,8.0,0.0,49.0,164.0,3.0,41.0,19.0,29.0,3.0,1553.0
University of Oxford,3404.62,3.5,University of Oxford,,328.0,0.0,5.0,0.0,44.0,159.0,10.0,328.0,12.0,756.0,11.0,6.0,4.0,16.0,5.0,9.0,7.0,19.0,8.0,5.0,47.0,229.0,3.0,61.0,12.0,18.0,0.0,1774.0
The London School of Economics and Political Science,650.56,3.4800000000000004,London School of Economics and Political Science,LSE,102.0,0.0,1.0,0.0,2.0,46.0,0.0,102.0,4.0,34.0,0.0,1.0,0.0,6.0,0.0,0.0,0.0,0.0,0.0,0.0,3.0,81.0,0.0,9.0,0.0,0.0,0.0,289.0
The University of Manchester,2123.84,3.4799999999999995,University of Manchester,,253.0,0.0,9.0,2.0,27.0,60.0,0.0,253.0,52.0,433.0,16.0,9.0,1.0,33.0,6.0,4.0,6.0,9.0,5.0,2.0,6.0,186.0,4.0,15.0,6.0,18.0,6.0,1168.0
University of York,945.99,3.4799999999999995,University of York,,68.0,0.0,2.0,0.0,13.0,37.0,0.0,68.0,14.0,141.0,2.0,12.0,0.0,14.0,8.0,2.0,1.0,9.0,2.0,0.0,7.0,69.0,3.0,7.0,1.0,6.0,0.0,418.0
King's College London,1883.12,3.4600000000000004,King's College London,KCL,200.0,0.0,4.0,0.0,36.0,32.0,2.0,200.0,17.0,664.0,15.0,1.0,0.0,8.0,0.0,6.0,1.0,8.0,6.0,0.0,26.0,107.0,4.0,9.0,2.0,5.0,0.0,1153.0
University of Glasgow,1377.69,3.455,University of Glasgow,,132.0,1.0,3.0,0.0,19.0,33.0,0.0,132.0,35.0,386.0,6.0,8.0,0.0,9.0,3.0,5.0,5.0,9.0,3.0,0.0,20.0,156.0,0.0,5.0,2.0,12.0,0.0,852.0
University of Bristol,1493.85,3.45,University of Bristol,,123.0,0.0,2.0,0.0,20.0,39.0,1.0,123.0,17.0,339.0,5.0,1.0,2.0,11.0,0.0,2.0,4.0,10.0,2.0,1.0,11.0,116.0,2.0,6.0,3.0,7.0,0.0,724.0
University College London,3177.09,3.45,University College London,UCL,406.0,1.0,14.0,2.0,112.0,111.0,13.0,406.0,34.0,1088.0,31.0,6.0,7.0,18.0,29.0,26.0,20.0,46.0,11.0,0.0,61.0,368.0,9.0,32.0,32.0,9.0,3.0,2489.0
Institute of Zoology,24.2,3.4400000000000004,Institute of Zoology,,23.0,0.0,0.0,0.0,1.0,1.0,0.0,23.0,0.0,102.0,3.0,0.0,3.0,0.0,0.0,0.0,1.0,1.0,1.0,2.0,6.0,1.0,0.0,0.0,1.0,0.0,1.0,147.0
The University of Birmingham,1460.64,3.4400000000000004,University of Birmingham,,132.0,0.0,3.0,0.0,25.0,56.0,1.0,132.0,35.0,417.0,9.0,7.0,0.0,32.0,17.0,4.0,4.0,19.0,3.0,0.0,19.0,92.0,5.0,13.0,6.0,14.0,0.0,913.0
Courtauld Institute of Art,35.85,3.43,Courtauld Institute of Art,,0.0,0.0,0.0,0.0,0.0,1.0,0.0,0.0,0.0,0.0,1.0,0.0,0.0,0.0,0.0,0.0,0.0,1.0,0.0,0.0,0.0,0.0,0.0,0.0,0.0,0.0,0.0,3.0
The University of Warwick,1252.4,3.415,University of Warwick,,107.0,0.0,5.0,0.0,6.0,37.0,1.0,107.0,7.0,174.0,8.0,10.0,0.0,33.0,7.0,0.0,0.0,8.0,0.0,1.0,8.0,103.0,5.0,4.0,6.0,9.0,2.0,541.0
University of Southampton,1312.51,3.4000000000000004,University of Southampton,,140.0,0.0,0.0,0.0,20.0,25.0,0.0,140.0,29.0,299.0,5.0,7.0,0.0,23.0,2.0,1.0,2.0,11.0,2.0,1.0,7.0,86.0,3.0,3.0,2.0,6.0,2.0,676.0
Liverpool School of Tropical Medicine,81.81,3.4,Liverpool School of Tropical Medicine,,6.0,0.0,0.0,0.0,11.0,0.0,0.0,6.0,0.0,27.0,0.0,0.0,0.0,0.0,0.0,0.0,1.0,0.0,0.0,0.0,11.0,3.0,0.0,0.0,1.0,0.0,0.0,60.0
London School of Hygiene and Tropical Medicine,451.14,3.3899999999999997,London School of Hygiene and Tropical Medicine,,6.0,0.0,0.0,0.0,22.0,1.0,0.0,6.0,0.0,115.0,2.0,0.0,0.0,0.0,0.0,0.0,0.0,1.0,0.0,0.0,16.0,6.0,0.0,0.0,0.0,0.0,0.0,169.0
The University of Sheffield,1518.12,3.3800000000000003,University of Sheffield,,145.0,0.0,1.0,0.0,15.0,29.0,1.0,145.0,44.0,326.0,13.0,11.0,0.0,31.0,3.0,2.0,4.0,7.0,2.0,1.0,12.0,126.0,7.0,5.0,2.0,12.0,0.0,799.0
The University of Lancaster,900.43,3.38,University of Lancaster,Lancaster,91.0,0.0,0.0,0.0,2.0,9.0,0.0,91.0,30.0,126.0,4.0,3.0,0.0,13.0,25.0,0.0,0.0,8.0,3.0,0.0,7.0,85.0,1.0,7.0,2.0,0.0,0.0,416.0
University of Edinburgh,2562.98,3.38,University of Edinburgh,,187.0,0.0,3.0,0.0,32.0,67.0,3.0,187.0,16.0,569.0,7.0,9.0,1.0,11.0,5.0,1.0,2.0,15.0,9.0,1.0,30.0,155.0,5.0,18.0,6.0,7.0,0.0,1159.0
Queen Mary University of London,1039.88,3.365,Queen Mary University of London,Queen Mary,107.0,1.0,1.0,0.0,29.0,26.0,0.0,107.0,13.0,319.0,9.0,3.0,1.0,13.0,2.0,6.0,1.0,10.0,3.0,0.0,16.0,99.0,0.0,15.0,1.0,4.0,2.0,681.0
University of Exeter,1250.81,3.365,University of Exeter,,87.0,0.0,5.0,1.0,19.0,28.0,2.0,87.0,10.0,268.0,6.0,3.0,1.0,6.0,3.0,2.0,2.0,4.0,1.0,0.0,10.0,56.0,2.0,11.0,2.0,2.0,1.0,532.0
The University of Bath,762.67,3.365,University of Bath,,70.0,0.0,4.0,0.0,7.0,9.0,0.0,70.0,17.0,140.0,3.0,4.0,0.0,27.0,0.0,1.0,0.0,8.0,1.0,0.0,7.0,81.0,0.0,2.0,2.0,9.0,0.0,392.0
The University of East Anglia,732.07,3.3600000000000003,University of East Anglia,UEA,42.0,0.0,1.0,0.0,7.0,18.0,0.0,42.0,12.0,119.0,1.0,3.0,0.0,6.0,6.0,5.0,0.0,3.0,4.0,1.0,3.0,47.0,1.0,4.0,0.0,1.0,0.0,284.0
University of Durham,1064.8,3.3600000000000003,University of Durham,Durham,519.0,0.0,5.0,0.0,5.0,43.0,0.0,519.0,25.0,788.0,4.0,4.0,0.0,3.0,4.0,6.0,5.0,20.0,0.0,1.0,18.0,150.0,0.0,27.0,4.0,5.0,0.0,1636.0
School of Oriental and African Studies,248.95,3.355,School of Oriental and African Studies,SOAS,1.0,0.0,0.0,0.0,0.0,36.0,0.0,1.0,1.0,10.0,0.0,1.0,0.0,3.0,3.0,0.0,0.0,0.0,0.0,0.0,1.0,23.0,1.0,43.0,0.0,0.0,0.0,123.0
Cardiff University / Prifysgol Caerdydd,1406.27,3.35,Cardiff University / Prifysgol Caerdydd,Cardiff University,141.0,0.0,2.0,0.0,17.0,24.0,0.0,141.0,22.0,285.0,4.0,7.0,4.0,30.0,2.0,3.0,4.0,2.0,2.0,0.0,12.0,129.0,2.0,7.0,3.0,2.0,0.0,704.0
"University of Nottingham, The",1717.69,3.3499999999999996,"University of Nottingham, The",University of Nottingham,174.0,0.0,2.0,0.0,13.0,40.0,0.0,174.0,55.0,389.0,12.0,6.0,2.0,44.0,6.0,0.0,9.0,13.0,5.0,0.0,16.0,84.0,7.0,13.0,3.0,6.0,3.0,902.0
The University of Liverpool,1224.76,3.3300000000000005,University of Liverpool,,105.0,0.0,1.0,0.0,14.0,18.0,0.0,105.0,19.0,223.0,11.0,5.0,2.0,19.0,8.0,5.0,2.0,5.0,3.0,0.0,20.0,100.0,2.0,5.0,4.0,5.0,0.0,576.0
University of Newcastle upon Tyne,1371.35,3.33,University of Newcastle upon Tyne,University of Newcastle,64.0,0.0,2.0,4.0,33.0,30.0,0.0,64.0,16.0,229.0,12.0,3.0,1.0,13.0,1.0,3.0,1.0,11.0,3.0,1.0,12.0,62.0,2.0,1.0,1.0,0.0,2.0,507.0
University of Sussex,829.65,3.33,University of Sussex,,83.0,0.0,2.0,0.0,1.0,16.0,0.0,83.0,25.0,124.0,5.0,5.0,0.0,7.0,4.0,0.0,0.0,5.0,0.0,0.0,10.0,65.0,0.0,7.0,3.0,0.0,1.0,363.0
The Royal Veterinary College,159.75,3.3000000000000003,Royal Veterinary College,,6.0,0.0,0.0,0.0,6.0,0.0,0.0,6.0,0.0,75.0,0.0,0.0,0.0,0.0,0.0,0.0,0.0,2.0,2.0,0.0,2.0,7.0,0.0,0.0,0.0,0.0,0.0,100.0
The University of Leeds,1685.97,3.295,University of Leeds,,139.0,1.0,2.0,0.0,22.0,36.0,1.0,139.0,26.0,312.0,9.0,6.0,2.0,27.0,12.0,4.0,1.0,15.0,1.0,3.0,9.0,162.0,6.0,7.0,4.0,8.0,0.0,815.0
The University of Leicester,717.66,3.295,University of Leicester,,50.0,0.0,2.0,0.0,10.0,13.0,0.0,50.0,14.0,185.0,8.0,5.0,0.0,9.0,3.0,3.0,1.0,11.0,1.0,1.0,2.0,48.0,3.0,2.0,1.0,0.0,1.0,373.0
Guildhall School of Music & Drama,18.99,3.28,Guildhall School of Music & Drama,,0.0,0.0,0.0,0.0,0.0,1.0,0.0,0.0,0.0,0.0,0.0,0.0,0.0,0.0,0.0,0.0,0.0,0.0,0.0,0.0,0.0,1.0,0.0,0.0,0.0,0.0,0.0,2.0
University of St Andrews,664.03,3.27,University of St Andrews,,35.0,0.0,2.0,0.0,0.0,12.0,1.0,35.0,6.0,98.0,1.0,2.0,0.0,2.0,0.0,0.0,0.0,4.0,0.0,0.0,2.0,22.0,0.0,9.0,2.0,4.0,0.0,202.0
Royal Holloway and Bedford New College,531.2,3.2600000000000002,Royal Holloway and Bedford New College,,0.0,0.0,0.0,0.0,0.0,0.0,0.0,0.0,0.0,0.0,0.0,0.0,0.0,0.0,0.0,0.0,0.0,0.0,0.0,0.0,0.0,0.0,0.0,0.0,0.0,0.0,0.0,0.0
Loughborough University,898.09,3.26,Loughborough University,,96.0,0.0,3.0,0.0,8.0,8.0,0.0,96.0,38.0,138.0,8.0,6.0,0.0,29.0,1.0,0.0,2.0,6.0,0.0,3.0,1.0,81.0,1.0,2.0,0.0,2.0,2.0,435.0
University of Strathclyde,732.45,3.245,University of Strathclyde,,70.0,0.0,0.0,0.0,3.0,7.0,0.0,70.0,28.0,134.0,5.0,2.0,1.0,12.0,1.0,0.0,2.0,6.0,2.0,0.0,2.0,46.0,1.0,0.0,0.0,8.0,0.0,330.0
The University of Surrey,611.47,3.24,University of Surrey,,106.0,0.0,1.0,0.0,4.0,4.0,0.0,106.0,18.0,195.0,8.0,3.0,0.0,15.0,5.0,0.0,2.0,11.0,1.0,0.0,5.0,62.0,0.0,1.0,2.0,2.0,2.0,447.0
The University of Kent,724.95,3.24,University of Kent,,177.0,0.0,18.0,2.0,15.0,28.0,0.0,177.0,18.0,385.0,19.0,21.0,0.0,34.0,2.0,8.0,22.0,14.0,0.0,0.0,26.0,203.0,23.0,11.0,2.0,7.0,5.0,1040.0
The University of Reading,699.75,3.2299999999999995,University of Reading,,72.0,0.0,1.0,0.0,4.0,19.0,0.0,72.0,22.0,161.0,5.0,6.0,0.0,13.0,6.0,0.0,3.0,8.0,5.0,1.0,4.0,38.0,0.0,6.0,2.0,1.0,0.0,377.0
The University of Essex,701.82,3.2299999999999995,University of Essex,,28.0,0.0,1.0,0.0,1.0,18.0,0.0,28.0,23.0,133.0,1.0,5.0,0.0,12.0,2.0,0.0,0.0,8.0,0.0,0.0,9.0,63.0,0.0,10.0,0.0,0.0,0.0,314.0
Glasgow School of Art,49.4,3.2299999999999995,Glasgow School of Art,,0.0,0.0,0.0,0.0,0.0,0.0,0.0,0.0,0.0,0.0,0.0,1.0,0.0,0.0,0.0,0.0,0.0,0.0,0.0,0.0,0.0,1.0,0.0,0.0,0.0,0.0,0.0,2.0
SRUC,104.99,3.22,SRUC,,0.0,0.0,0.0,0.0,1.0,0.0,0.0,0.0,0.0,0.0,0.0,0.0,0.0,0.0,0.0,0.0,0.0,1.0,0.0,0.0,1.0,0.0,0.0,0.0,0.0,0.0,0.0,3.0
Queen's University of Belfast,963.86,3.1900000000000004,Queen's University of Belfast,,1.0,0.0,0.0,0.0,1.0,0.0,0.0,1.0,0.0,0.0,0.0,0.0,0.0,2.0,0.0,0.0,0.0,0.0,0.0,0.0,0.0,3.0,0.0,0.0,0.0,0.0,0.0,7.0
Cranfield University,348.05,3.19,Cranfield University,,47.0,0.0,0.0,0.0,0.0,1.0,0.0,47.0,18.0,62.0,5.0,6.0,1.0,28.0,0.0,0.0,3.0,4.0,0.0,0.0,3.0,11.0,2.0,0.0,0.0,0.0,1.0,192.0
Swansea University / Prifysgol Abertawe,577.65,3.1799999999999997,Swansea University / Prifysgol Abertawe,,0.0,0.0,0.0,0.0,0.0,0.0,0.0,0.0,0.0,0.0,0.0,0.0,0.0,0.0,0.0,0.0,0.0,0.0,0.0,0.0,0.0,0.0,0.0,0.0,0.0,0.0,0.0,0.0
"University of the Arts, London",191.5,3.1799999999999997,"University of the Arts, London",,0.0,0.0,0.0,0.0,0.0,0.0,0.0,0.0,1.0,0.0,0.0,0.0,0.0,0.0,0.0,0.0,0.0,0.0,0.0,0.0,0.0,1.0,0.0,0.0,0.0,0.0,0.0,2.0
Falmouth University,64.3,3.17,Falmouth University,,1.0,0.0,0.0,0.0,0.0,0.0,0.0,1.0,0.0,0.0,0.0,0.0,0.0,0.0,0.0,0.0,0.0,0.0,0.0,0.0,0.0,3.0,0.0,0.0,0.0,0.0,0.0,4.0
St. George's Hospital Medical School,108.07,3.165,St. George's Hospital Medical School,,0.0,0.0,0.0,0.0,1.0,0.0,0.0,0.0,0.0,0.0,0.0,0.0,0.0,0.0,0.0,0.0,0.0,0.0,0.0,0.0,0.0,0.0,0.0,0.0,0.0,0.0,0.0,1.0
University of Ulster,558.27,3.16,University of Ulster,,1.0,0.0,1.0,0.0,2.0,3.0,0.0,1.0,30.0,1.0,4.0,4.0,1.0,14.0,1.0,0.0,0.0,2.0,0.0,0.0,3.0,18.0,2.0,0.0,0.0,1.0,1.0,89.0
University of Dundee,461.25,3.145,University of Dundee,,38.0,1.0,0.0,0.0,3.0,8.0,1.0,38.0,4.0,118.0,4.0,1.0,0.0,7.0,0.0,0.0,2.0,3.0,1.0,0.0,7.0,27.0,0.0,4.0,1.0,0.0,0.0,230.0
University of Stirling,446.47,3.1399999999999997,University of Stirling,,14.0,0.0,0.0,0.0,4.0,10.0,0.0,14.0,14.0,63.0,2.0,1.0,0.0,8.0,0.0,1.0,0.0,3.0,1.0,0.0,2.0,31.0,0.0,3.0,0.0,0.0,0.0,157.0
"City, University of London",495.69,3.1399999999999997,"City, University of London",,1.0,0.0,1.0,0.0,2.0,12.0,0.0,1.0,1.0,1.0,2.0,1.0,0.0,0.0,0.0,0.0,0.0,1.0,0.0,0.0,1.0,26.0,0.0,3.0,0.0,0.0,0.0,52.0
Manchester Metropolitan University,679.19,3.105,Manchester Metropolitan University,,30.0,0.0,0.0,0.0,5.0,4.0,0.0,30.0,24.0,85.0,3.0,6.0,0.0,17.0,2.0,0.0,2.0,7.0,2.0,0.0,4.0,43.0,2.0,0.0,1.0,1.0,2.0,240.0
The University of Hull,333.87,3.0999999999999996,University of Hull,,28.0,0.0,1.0,0.0,1.0,4.0,0.0,28.0,8.0,64.0,4.0,2.0,1.0,13.0,0.0,0.0,0.0,5.0,0.0,0.0,3.0,25.0,1.0,1.0,0.0,2.0,0.0,163.0
University of Northumbria at Newcastle,1055.84,3.0899999999999994,University of Northumbria at Newcastle,,0.0,0.0,0.0,0.0,0.0,0.0,0.0,0.0,2.0,0.0,0.0,0.0,0.0,0.0,0.0,0.0,0.0,0.0,1.0,0.0,0.0,1.0,0.0,0.0,0.0,0.0,0.0,4.0
Nottingham Trent University,395.14,3.08,Nottingham Trent University,,19.0,0.0,0.0,0.0,6.0,2.0,0.0,19.0,17.0,114.0,4.0,5.0,0.0,15.0,2.0,0.0,0.0,7.0,3.0,0.0,3.0,32.0,0.0,0.0,0.0,0.0,1.0,230.0
Birkbeck College,418.01,3.08,Birkbeck College,,0.0,0.0,0.0,0.0,0.0,9.0,0.0,0.0,1.0,0.0,0.0,3.0,0.0,1.0,2.0,0.0,0.0,1.0,0.0,0.0,0.0,12.0,0.0,3.0,0.0,0.0,0.0,32.0
Bangor University / Prifysgol Bangor,270.57,3.0799999999999996,Bangor University / Prifysgol Bangor,,0.0,0.0,0.0,0.0,0.0,0.0,0.0,0.0,0.0,0.0,0.0,0.0,0.0,0.0,0.0,0.0,0.0,0.0,0.0,0.0,0.0,0.0,0.0,0.0,0.0,0.0,0.0,0.0
Roehampton University,218.25,3.0700000000000003,Roehampton University,,0.0,0.0,0.0,0.0,0.0,1.0,0.0,0.0,1.0,0.0,0.0,0.0,0.0,2.0,1.0,0.0,1.0,1.0,0.0,0.0,0.0,3.0,0.0,1.0,0.0,0.0,0.0,11.0
University for the Creative Arts,46.7,3.0599999999999996,University for the Creative Arts,,1.0,0.0,0.0,0.0,0.0,0.0,0.0,1.0,0.0,0.0,0.0,0.0,0.0,0.0,0.0,0.0,0.0,0.0,0.0,0.0,0.0,1.0,0.0,0.0,0.0,0.0,0.0,2.0
University of Hertfordshire,321.09,3.03,University of Hertfordshire,,18.0,0.0,0.0,0.0,1.0,5.0,0.0,18.0,7.0,84.0,5.0,4.0,1.0,6.0,1.0,0.0,1.0,1.0,2.0,0.0,1.0,24.0,1.0,2.0,0.0,0.0,1.0,165.0
University of Aberdeen,698.13,3.0249999999999995,University of Aberdeen,,64.0,0.0,1.0,0.0,10.0,7.0,0.0,64.0,11.0,163.0,7.0,2.0,1.0,5.0,1.0,2.0,3.0,4.0,1.0,0.0,1.0,40.0,1.0,4.0,0.0,1.0,2.0,331.0
Heriot-Watt University,422.42,3.0199999999999996,Heriot-Watt University,,38.0,0.0,0.0,0.0,1.0,7.0,0.0,38.0,18.0,74.0,0.0,5.0,0.0,8.0,2.0,0.0,0.0,3.0,0.0,0.0,2.0,18.0,0.0,0.0,0.0,1.0,1.0,178.0
Goldsmiths' College,415.27,3.0149999999999997,Goldsmiths' College,,0.0,0.0,0.0,0.0,0.0,0.0,0.0,0.0,0.0,0.0,0.0,0.0,0.0,0.0,0.0,0.0,0.0,0.0,0.0,0.0,0.0,0.0,0.0,0.0,0.0,0.0,0.0,0.0
The Open University,649.46,3.0100000000000002,Open University,,62.0,0.0,4.0,0.0,3.0,17.0,0.0,62.0,28.0,200.0,4.0,22.0,2.0,37.0,9.0,0.0,2.0,3.0,3.0,0.0,3.0,106.0,4.0,8.0,1.0,1.0,0.0,519.0
"University of Salford, The",290.52,3.01,"University of Salford, The",,0.0,0.0,0.0,0.0,0.0,0.0,0.0,0.0,0.0,0.0,0.0,0.0,0.0,0.0,0.0,0.0,0.0,0.0,0.0,0.0,0.0,0.0,0.0,0.0,0.0,0.0,0.0,0.0
University of Brighton,377.11,3.01,University of Brighton,,20.0,0.0,0.0,0.0,3.0,0.0,0.0,20.0,6.0,57.0,6.0,4.0,0.0,7.0,3.0,0.0,0.0,3.0,0.0,0.0,0.0,31.0,0.0,2.0,0.0,0.0,0.0,142.0
Royal College of Music,22.28,3.01,Royal College of Music,,1.0,0.0,0.0,0.0,0.0,1.0,0.0,1.0,0.0,6.0,0.0,0.0,0.0,0.0,0.0,0.0,0.0,0.0,0.0,0.0,0.0,4.0,0.0,0.0,0.0,0.0,0.0,12.0
Coventry University,451.93,3.005,Coventry University,,24.0,0.0,0.0,0.0,4.0,1.0,0.0,24.0,20.0,83.0,1.0,10.0,0.0,20.0,2.0,0.0,1.0,1.0,0.0,0.0,4.0,17.0,0.0,4.0,0.0,0.0,0.0,192.0
University of Plymouth,440.03,3.0,University of Plymouth,,49.0,0.0,0.0,0.0,1.0,2.0,0.0,49.0,4.0,87.0,2.0,7.0,0.0,5.0,0.0,0.0,1.0,2.0,1.0,0.0,2.0,24.0,2.0,0.0,0.0,6.0,0.0,195.0
Royal College of Art(The),122.25,2.9899999999999998,Royal College of Art(The),,0.0,0.0,0.0,0.0,0.0,0.0,0.0,0.0,0.0,0.0,0.0,0.0,0.0,0.0,0.0,0.0,0.0,0.0,0.0,0.0,0.0,0.0,0.0,0.0,0.0,0.0,0.0,0.0
Aston University,435.36,2.9899999999999998,Aston University,,34.0,0.0,0.0,0.0,4.0,3.0,0.0,34.0,12.0,92.0,2.0,4.0,1.0,15.0,5.0,0.0,5.0,5.0,0.0,1.0,2.0,29.0,0.0,3.0,2.0,0.0,2.0,221.0
University of the Highlands and Islands,116.44,2.98,University of the Highlands and Islands,,0.0,0.0,0.0,0.0,1.0,0.0,0.0,0.0,0.0,10.0,0.0,0.0,0.0,0.0,1.0,0.0,0.0,0.0,0.0,0.0,0.0,1.0,0.0,0.0,0.0,0.0,0.0,13.0
University of Portsmouth,573.81,2.965,University of Portsmouth,,27.0,0.0,1.0,0.0,2.0,4.0,0.0,27.0,21.0,57.0,3.0,7.0,0.0,13.0,1.0,0.0,1.0,3.0,1.0,0.0,4.0,41.0,0.0,2.0,0.0,0.0,1.0,189.0
Aberystwyth University / Prifysgol Aberystwyth,307.77,2.96,Aberystwyth University / Prifysgol Aberystwyth,,0.0,0.0,0.0,0.0,0.0,0.0,0.0,0.0,0.0,0.0,0.0,0.0,0.0,0.0,0.0,0.0,0.0,0.0,0.0,0.0,0.0,0.0,0.0,0.0,0.0,0.0,0.0,0.0
Norwich University of the Arts,18.1,2.96,Norwich University of the Arts,,0.0,0.0,0.0,0.0,0.0,0.0,0.0,0.0,0.0,0.0,0.0,0.0,0.0,0.0,0.0,0.0,0.0,0.0,0.0,0.0,0.0,0.0,0.0,0.0,0.0,0.0,0.0,0.0
The University of Westminster,393.08,2.9400000000000004,University of Westminster,,22.0,0.0,0.0,0.0,1.0,4.0,0.0,22.0,5.0,50.0,0.0,6.0,1.0,7.0,1.0,0.0,1.0,1.0,0.0,0.0,1.0,20.0,0.0,3.0,0.0,0.0,0.0,123.0
University of Lincoln,380.26,2.925,University of Lincoln,,14.0,0.0,0.0,0.0,1.0,5.0,0.0,14.0,12.0,78.0,0.0,11.0,0.0,14.0,0.0,0.0,0.0,4.0,0.0,0.0,7.0,29.0,2.0,1.0,0.0,0.0,0.0,178.0
Trinity Laban Conservatoire of Music and Dance,12.6,2.9200000000000004,Trinity Laban Conservatoire of Music and Dance,,0.0,0.0,0.0,0.0,0.0,0.0,0.0,0.0,0.0,4.0,0.0,0.0,0.0,0.0,0.0,0.0,0.0,0.0,0.0,0.0,0.0,0.0,0.0,0.0,0.0,0.0,0.0,4.0
"University of the West of England, Bristol",372.25,2.92,"University of the West of England, Bristol",,21.0,0.0,0.0,0.0,0.0,0.0,0.0,21.0,0.0,0.0,1.0,1.0,0.0,0.0,0.0,0.0,0.0,7.0,0.0,0.0,0.0,5.0,0.0,0.0,0.0,0.0,0.0,35.0
University of Keele,331.33,2.92,University of Keele,,0.0,0.0,0.0,0.0,1.0,1.0,0.0,0.0,0.0,0.0,0.0,0.0,0.0,1.0,0.0,0.0,0.0,0.0,0.0,0.0,0.0,7.0,0.0,2.0,0.0,1.0,0.0,13.0
Brunel University London,638.1,2.875,Brunel University London,,31.0,0.0,0.0,0.0,2.0,2.0,0.0,31.0,4.0,119.0,3.0,3.0,0.0,11.0,0.0,1.0,1.0,10.0,0.0,0.0,0.0,27.0,1.0,0.0,1.0,0.0,0.0,216.0
Oxford Brookes University,377.16,2.85,Oxford Brookes University,,14.0,0.0,0.0,0.0,2.0,4.0,0.0,14.0,15.0,62.0,0.0,1.0,0.0,6.0,0.0,3.0,1.0,2.0,0.0,0.0,4.0,25.0,0.0,6.0,0.0,0.0,0.0,145.0
Edinburgh Napier University,251.06,2.8400000000000003,Edinburgh Napier University,,17.0,0.0,0.0,0.0,0.0,0.0,0.0,17.0,14.0,37.0,2.0,3.0,1.0,9.0,0.0,0.0,0.0,1.0,0.0,0.0,2.0,6.0,0.0,1.0,0.0,0.0,0.0,93.0
Royal Conservatoire of Scotland,26.41,2.83,Royal Conservatoire of Scotland,,0.0,0.0,0.0,0.0,0.0,0.0,0.0,0.0,0.0,0.0,0.0,0.0,0.0,0.0,0.0,0.0,0.0,0.0,0.0,0.0,0.0,0.0,0.0,0.0,0.0,0.0,0.0,0.0
Sheffield Hallam University,458.22,2.82,Sheffield Hallam University,,17.0,1.0,0.0,0.0,2.0,2.0,0.0,17.0,19.0,63.0,0.0,15.0,0.0,11.0,1.0,0.0,3.0,2.0,0.0,0.0,3.0,22.0,0.0,1.0,0.0,0.0,1.0,163.0
The University of Bradford,221.56,2.815,University of Bradford,,29.0,0.0,0.0,0.0,3.0,2.0,0.0,29.0,20.0,38.0,0.0,5.0,1.0,8.0,0.0,0.0,0.0,2.0,0.0,0.0,2.0,9.0,0.0,0.0,0.0,0.0,0.0,119.0
"Queen Margaret University, Edinburgh",76.8,2.81,"Queen Margaret University, Edinburgh",,0.0,0.0,0.0,0.0,0.0,0.0,0.0,0.0,0.0,0.0,0.0,0.0,0.0,0.0,0.0,0.0,0.0,0.0,0.0,0.0,0.0,1.0,0.0,0.0,0.0,0.0,0.0,1.0
London South Bank University,186.82,2.8099999999999996,London South Bank University,,21.0,0.0,0.0,0.0,2.0,1.0,0.0,21.0,10.0,46.0,1.0,2.0,1.0,5.0,0.0,0.0,2.0,1.0,0.0,0.0,0.0,22.0,1.0,0.0,0.0,1.0,0.0,116.0
Kingston University,368.25,2.8,Kingston University,,17.0,0.0,0.0,0.0,3.0,1.0,0.0,17.0,10.0,32.0,5.0,1.0,0.0,6.0,0.0,0.0,2.0,4.0,0.0,0.0,2.0,16.0,0.0,3.0,0.0,0.0,0.0,102.0
University of Greenwich,386.88,2.8,University of Greenwich,,19.0,0.0,0.0,0.0,0.0,3.0,0.0,19.0,12.0,66.0,3.0,6.0,1.0,9.0,0.0,0.0,1.0,3.0,0.0,0.0,1.0,22.0,0.0,1.0,0.0,0.0,0.0,147.0
Anglia Ruskin University Higher Education Corporation,259.22,2.785,Anglia Ruskin University Higher Education Corporation,,0.0,0.0,0.0,0.0,0.0,0.0,0.0,0.0,0.0,0.0,0.0,0.0,0.0,0.0,0.0,0.0,0.0,0.0,0.0,0.0,0.0,0.0,0.0,0.0,0.0,0.0,0.0,0.0
University of South Wales / Prifysgol De Cymru,195.0,2.7800000000000002,University of South Wales / Prifysgol De Cymru,,0.0,0.0,0.0,0.0,0.0,0.0,0.0,0.0,0.0,0.0,0.0,0.0,0.0,0.0,0.0,0.0,0.0,0.0,0.0,0.0,0.0,0.0,0.0,0.0,0.0,0.0,0.0,0.0
University of Central Lancashire,417.97,2.7800000000000002,University of Central Lancashire,,19.0,0.0,1.0,0.0,3.0,3.0,0.0,19.0,22.0,64.0,1.0,3.0,0.0,10.0,4.0,0.0,1.0,1.0,0.0,0.0,0.0,16.0,2.0,2.0,0.0,0.0,0.0,152.0
The University of West London,75.0,2.78,University of West London,,3.0,0.0,0.0,0.0,1.0,0.0,0.0,3.0,4.0,8.0,0.0,3.0,0.0,0.0,0.0,0.0,0.0,0.0,0.0,0.0,2.0,6.0,0.0,0.0,0.0,0.0,0.0,27.0
Royal Northern College of Music,19.61,2.7600000000000002,Royal Northern College of Music,,0.0,0.0,0.0,0.0,0.0,0.0,0.0,0.0,0.0,0.0,0.0,0.0,0.0,0.0,0.0,0.0,0.0,0.0,0.0,0.0,0.0,5.0,0.0,0.0,0.0,0.0,0.0,5.0
The University of Huddersfield,552.15,2.76,University of Huddersfield,,29.0,0.0,0.0,0.0,5.0,3.0,0.0,29.0,26.0,49.0,4.0,1.0,1.0,6.0,2.0,0.0,1.0,4.0,0.0,0.0,3.0,34.0,1.0,0.0,1.0,0.0,1.0,171.0
Staffordshire University,102.46,2.75,Staffordshire University,,5.0,0.0,0.0,0.0,1.0,1.0,0.0,5.0,1.0,14.0,0.0,7.0,0.0,5.0,0.0,0.0,1.0,0.0,0.0,0.0,1.0,3.0,0.0,0.0,0.0,0.0,0.0,39.0
"St Mary's University, Twickenham",58.32,2.75,"St Mary's University, Twickenham",,0.0,0.0,0.0,0.0,0.0,0.0,0.0,0.0,0.0,23.0,0.0,0.0,0.0,0.0,0.0,0.0,0.0,0.0,0.0,0.0,0.0,0.0,0.0,0.0,0.0,0.0,0.0,23.0
Liverpool John Moores University,583.5,2.7350000000000003,Liverpool John Moores University,,36.0,0.0,0.0,0.0,1.0,0.0,0.0,36.0,24.0,77.0,2.0,8.0,1.0,16.0,0.0,1.0,0.0,7.0,2.0,0.0,8.0,14.0,1.0,1.0,0.0,0.0,0.0,199.0
Bournemouth University,513.01,2.73,Bournemouth University,,19.0,0.0,0.0,0.0,4.0,1.0,0.0,19.0,18.0,42.0,3.0,5.0,0.0,7.0,0.0,0.0,2.0,5.0,0.0,0.0,1.0,21.0,1.0,0.0,0.0,0.0,0.0,129.0
University of Sunderland,96.59,2.73,University of Sunderland,,4.0,0.0,0.0,0.0,1.0,1.0,0.0,4.0,1.0,21.0,0.0,1.0,0.0,2.0,0.0,0.0,0.0,1.0,1.0,0.0,0.0,5.0,0.0,0.0,0.0,0.0,0.0,38.0
Canterbury Christ Church University,204.6,2.725,Canterbury Christ Church University,,4.0,0.0,0.0,0.0,0.0,2.0,0.0,4.0,6.0,17.0,1.0,3.0,0.0,0.0,0.0,0.0,0.0,0.0,0.0,0.0,0.0,12.0,0.0,0.0,0.0,0.0,0.0,45.0
Middlesex University,404.65,2.7199999999999998,Middlesex University,,21.0,0.0,0.0,0.0,1.0,1.0,0.0,21.0,13.0,32.0,4.0,5.0,1.0,27.0,0.0,0.0,0.0,1.0,0.0,0.0,0.0,25.0,2.0,2.0,0.0,0.0,0.0,135.0
De Montfort University,485.54,2.7199999999999998,De Montfort University,,30.0,0.0,0.0,0.0,2.0,6.0,0.0,30.0,14.0,49.0,2.0,9.0,0.0,11.0,0.0,0.0,3.0,6.0,0.0,0.0,2.0,13.0,0.0,1.0,0.0,0.0,0.0,148.0
University of Suffolk,14.0,2.69,University of Suffolk,,6.0,0.0,0.0,0.0,0.0,0.0,0.0,6.0,0.0,12.0,0.0,5.0,1.0,2.0,0.0,0.0,0.0,1.0,0.0,0.0,0.0,3.0,0.0,0.0,0.0,0.0,0.0,30.0
London Metropolitan University,105.25,2.6700000000000004,London Metropolitan University,,1.0,0.0,0.0,0.0,0.0,1.0,0.0,1.0,6.0,11.0,0.0,0.0,0.0,2.0,0.0,0.0,0.0,0.0,0.0,0.0,0.0,12.0,1.0,1.0,0.0,0.0,0.0,35.0
Glasgow Caledonian University,216.77,2.67,Glasgow Caledonian University,,9.0,0.0,1.0,0.0,3.0,1.0,0.0,9.0,10.0,27.0,2.0,5.0,0.0,5.0,0.0,0.0,2.0,2.0,0.0,0.0,3.0,15.0,0.0,0.0,0.0,0.0,0.0,85.0
Cardiff Metropolitan University / Prifysgol Metropolitan Caerdydd,140.6,2.6599999999999997,Cardiff Metropolitan University / Prifysgol Metropolitan Caerdydd,,0.0,0.0,0.0,0.0,0.0,0.0,0.0,0.0,0.0,0.0,0.0,0.0,0.0,0.0,0.0,0.0,0.0,0.0,0.0,0.0,0.0,0.0,0.0,0.0,0.0,0.0,0.0,0.0
University of Bedfordshire,119.8,2.63,University of Bedfordshire,,10.0,0.0,0.0,0.0,3.0,0.0,0.0,10.0,9.0,27.0,1.0,12.0,1.0,2.0,0.0,0.0,2.0,0.0,0.0,0.0,1.0,8.0,1.0,0.0,0.0,0.0,0.0,77.0
University of Wolverhampton,296.32,2.6199999999999997,University of Wolverhampton,,9.0,0.0,0.0,0.0,5.0,13.0,0.0,9.0,14.0,28.0,2.0,7.0,0.0,9.0,2.0,0.0,0.0,4.0,0.0,0.0,2.0,11.0,0.0,2.0,0.0,0.0,0.0,108.0
Abertay University,110.77,2.615,Abertay University,,1.0,0.0,0.0,0.0,0.0,0.0,0.0,1.0,1.0,16.0,1.0,4.0,0.0,1.0,0.0,0.0,0.0,0.0,0.0,0.0,1.0,0.0,0.0,0.0,0.0,0.0,0.0,25.0
Bath Spa University,172.6,2.61,Bath Spa University,,1.0,0.0,0.0,0.0,0.0,0.0,0.0,1.0,1.0,6.0,0.0,0.0,0.0,0.0,0.0,0.0,0.0,1.0,0.0,0.0,0.0,6.0,0.0,2.0,0.0,0.0,0.0,17.0
Harper Adams University,42.55,2.61,Harper Adams University,,3.0,0.0,0.0,0.0,1.0,0.0,0.0,3.0,5.0,8.0,0.0,1.0,0.0,0.0,0.0,0.0,0.0,1.0,0.0,0.0,0.0,0.0,0.0,0.0,0.0,0.0,0.0,19.0
"Arts University Bournemouth, the",45.33,2.605,"Arts University Bournemouth, the",,0.0,0.0,0.0,0.0,0.0,0.0,0.0,0.0,0.0,0.0,0.0,0.0,0.0,0.0,0.0,0.0,0.0,0.0,0.0,0.0,0.0,0.0,0.0,0.0,0.0,0.0,0.0,0.0
Teesside University,240.1,2.6,Teesside University,,11.0,0.0,0.0,0.0,4.0,0.0,0.0,11.0,7.0,38.0,0.0,4.0,0.0,6.0,0.0,0.0,0.0,2.0,0.0,0.0,5.0,8.0,1.0,1.0,0.0,0.0,0.0,87.0
Birmingham City University,290.17,2.5999999999999996,Birmingham City University,,4.0,0.0,0.0,0.0,1.0,4.0,0.0,4.0,13.0,31.0,0.0,7.0,0.0,6.0,1.0,0.0,2.0,2.0,0.0,0.0,0.0,6.0,0.0,0.0,0.0,0.0,0.0,77.0
Edge Hill University,259.41,2.5600000000000005,Edge Hill University,,7.0,0.0,0.0,0.0,1.0,4.0,0.0,7.0,3.0,36.0,0.0,8.0,0.0,0.0,2.0,0.0,0.0,4.0,1.0,0.0,2.0,9.0,0.0,2.0,0.0,0.0,0.0,79.0
University of East London,208.47,2.56,University of East London,,5.0,0.0,2.0,0.0,2.0,0.0,0.0,5.0,6.0,30.0,0.0,9.0,0.0,5.0,1.0,0.0,0.0,2.0,0.0,0.0,0.0,18.0,2.0,0.0,0.0,0.0,0.0,82.0
University of Winchester,163.84,2.56,University of Winchester,,5.0,0.0,1.0,0.0,0.0,0.0,0.0,5.0,4.0,6.0,0.0,0.0,0.0,1.0,0.0,0.0,0.0,0.0,0.0,0.0,0.0,3.0,0.0,1.0,0.0,0.0,0.0,21.0
Leeds Beckett University,352.65,2.56,Leeds Beckett University,,19.0,0.0,1.0,0.0,3.0,3.0,0.0,19.0,21.0,55.0,1.0,6.0,0.0,5.0,0.0,0.0,0.0,1.0,0.0,0.0,3.0,22.0,0.0,1.0,0.0,0.0,1.0,142.0
Robert Gordon University,84.06,2.56,Robert Gordon University,,6.0,0.0,0.0,0.0,0.0,1.0,0.0,6.0,3.0,14.0,1.0,3.0,0.0,1.0,0.0,0.0,0.0,1.0,0.0,0.0,1.0,4.0,0.0,0.0,0.0,0.0,0.0,35.0
University of the West of Scotland,272.4,2.545,University of the West of Scotland,,20.0,0.0,0.0,0.0,0.0,0.0,0.0,20.0,3.0,34.0,4.0,7.0,0.0,9.0,0.0,0.0,1.0,1.0,1.0,0.0,2.0,3.0,0.0,0.0,0.0,0.0,1.0,86.0
University of Derby,264.21,2.535,University of Derby,,10.0,0.0,0.0,0.0,1.0,2.0,0.0,10.0,11.0,34.0,0.0,6.0,0.0,5.0,0.0,0.0,0.0,1.0,0.0,0.0,1.0,10.0,1.0,0.0,0.0,0.0,1.0,83.0
University of Gloucestershire,127.0,2.5300000000000002,University of Gloucestershire,,2.0,0.0,0.0,0.0,0.0,0.0,0.0,2.0,3.0,26.0,0.0,1.0,0.0,3.0,0.0,0.0,0.0,0.0,0.0,0.0,0.0,7.0,0.0,0.0,0.0,0.0,1.0,43.0
University of Wales Trinity Saint David / Prifysgol Cymru Y Drindod Dewi Sant,68.15,2.5,University of Wales Trinity Saint David / Prifysgol Cymru Y Drindod Dewi Sant,,0.0,0.0,0.0,0.0,0.0,0.0,0.0,0.0,0.0,0.0,0.0,0.0,0.0,0.0,0.0,0.0,0.0,0.0,0.0,0.0,0.0,0.0,0.0,0.0,0.0,0.0,0.0,0.0
Liverpool Hope University,168.26,2.4799999999999995,Liverpool Hope University,,0.0,0.0,0.0,0.0,0.0,1.0,0.0,0.0,0.0,11.0,0.0,2.0,0.0,2.0,0.0,0.0,0.0,1.0,0.0,0.0,1.0,10.0,0.0,1.0,0.0,0.0,0.0,29.0
University of St Mark & St John,24.5,2.47,University of St Mark & St John,,0.0,0.0,0.0,0.0,0.0,0.0,0.0,0.0,0.0,3.0,0.0,0.0,0.0,1.0,0.0,0.0,0.0,0.0,0.0,0.0,0.0,0.0,0.0,0.0,0.0,0.0,0.0,4.0
University of Chester,255.69,2.46,University of Chester,,6.0,0.0,0.0,0.0,0.0,3.0,0.0,6.0,8.0,19.0,0.0,2.0,0.0,2.0,0.0,0.0,0.0,1.0,1.0,0.0,1.0,11.0,1.0,3.0,0.0,0.0,0.0,58.0
Buckinghamshire New University,30.0,2.45,Buckinghamshire New University,,0.0,0.0,0.0,0.0,0.0,0.0,0.0,0.0,2.0,4.0,0.0,0.0,0.0,4.0,0.0,0.0,0.0,0.0,0.0,0.0,0.0,1.0,1.0,0.0,0.0,0.0,0.0,12.0
The Royal Academy of Music,22.19,2.4499999999999997,Royal Academy of Music,,0.0,0.0,0.0,0.0,0.0,0.0,0.0,0.0,0.0,0.0,0.0,0.0,0.0,0.0,0.0,0.0,0.0,0.0,0.0,0.0,0.0,0.0,0.0,0.0,0.0,0.0,0.0,0.0
Hartpury University,8.6,2.36,Hartpury University,,1.0,0.0,0.0,0.0,0.0,0.0,0.0,1.0,0.0,3.0,0.0,0.0,0.0,0.0,0.0,0.0,0.0,0.0,0.0,0.0,0.0,0.0,0.0,0.0,0.0,0.0,0.0,4.0
Rose Bruford College of Theatre and Performance,8.9,2.35,Rose Bruford College of Theatre and Performance,,0.0,0.0,0.0,0.0,0.0,0.0,0.0,0.0,0.0,0.0,0.0,0.0,0.0,0.0,0.0,0.0,0.0,0.0,0.0,0.0,0.0,0.0,0.0,0.0,0.0,0.0,0.0,0.0
York St John University,160.61,2.3399999999999994,York St John University,,5.0,0.0,1.0,0.0,0.0,0.0,0.0,5.0,3.0,11.0,0.0,0.0,0.0,0.0,0.0,0.0,0.0,0.0,0.0,0.0,0.0,5.0,0.0,3.0,0.0,0.0,0.0,28.0
The Royal Agricultural University,16.7,2.33,Royal Agricultural University,,3.0,0.0,0.0,0.0,0.0,0.0,0.0,3.0,1.0,3.0,0.0,0.0,0.0,0.0,0.0,0.0,0.0,0.0,0.0,0.0,0.0,0.0,0.0,0.0,0.0,0.0,0.0,7.0
The University of Cumbria,57.85,2.2800000000000002,University of Cumbria,,1.0,0.0,0.0,0.0,0.0,0.0,0.0,1.0,0.0,2.0,0.0,0.0,0.0,1.0,0.0,0.0,0.0,0.0,0.0,0.0,0.0,3.0,0.0,0.0,0.0,0.0,0.0,7.0
University of Worcester,148.35,2.28,University of Worcester,,1.0,0.0,0.0,0.0,0.0,0.0,0.0,1.0,2.0,20.0,1.0,0.0,0.0,0.0,0.0,0.0,0.0,2.0,0.0,0.0,0.0,1.0,0.0,0.0,0.0,0.0,0.0,27.0
The University of Chichester,92.27,2.225,University of Chichester,,1.0,0.0,0.0,0.0,0.0,0.0,0.0,1.0,0.0,13.0,0.0,0.0,0.0,0.0,0.0,0.0,0.0,0.0,0.0,0.0,0.0,3.0,0.0,0.0,0.0,0.0,0.0,17.0
Ravensbourne University London,20.4,2.2,Ravensbourne University London,,1.0,0.0,0.0,0.0,0.0,0.0,0.0,1.0,0.0,0.0,0.0,0.0,0.0,0.0,0.0,0.0,0.0,0.0,0.0,0.0,0.0,0.0,0.0,0.0,0.0,0.0,0.0,1.0
"University of Northampton, The",150.7,2.165,"University of Northampton, The",,0.0,0.0,0.0,0.0,0.0,0.0,0.0,0.0,0.0,0.0,0.0,0.0,0.0,0.0,0.0,0.0,0.0,0.0,0.0,0.0,0.0,0.0,0.0,0.0,0.0,0.0,0.0,0.0
University College of Osteopathy (The),3.78,2.16,University College of Osteopathy (The),,0.0,0.0,0.0,0.0,0.0,0.0,0.0,0.0,0.0,0.0,0.0,0.0,0.0,0.0,0.0,0.0,0.0,0.0,0.0,0.0,0.0,0.0,0.0,0.0,0.0,0.0,0.0,0.0
Newman University,56.9,2.1599999999999997,Newman University,,0.0,0.0,0.0,0.0,0.0,0.0,0.0,0.0,0.0,2.0,0.0,0.0,0.0,0.0,0.0,0.0,0.0,0.0,0.0,0.0,0.0,2.0,0.0,0.0,0.0,0.0,0.0,4.0
Wrexham Glyndŵr University / Prifysgol Glyndŵr Wrecsam,22.37,2.105,Wrexham Glyndŵr University / Prifysgol Glyndŵr Wrecsam,,0.0,0.0,0.0,0.0,0.0,0.0,0.0,0.0,0.0,0.0,0.0,0.0,0.0,0.0,0.0,0.0,0.0,0.0,0.0,0.0,0.0,0.0,0.0,0.0,0.0,0.0,0.0,0.0
AECC University College,7.7,2.07,AECC University College,,1.0,0.0,0.0,0.0,1.0,0.0,0.0,1.0,0.0,2.0,0.0,0.0,0.0,0.0,0.0,0.0,0.0,0.0,0.0,0.0,0.0,0.0,0.0,0.0,0.0,0.0,0.0,4.0
"Solent University, Southampton",53.82,2.04,"Solent University, Southampton",,1.0,0.0,0.0,0.0,0.0,0.0,0.0,1.0,0.0,0.0,0.0,0.0,0.0,0.0,0.0,0.0,0.0,0.0,0.0,0.0,0.0,0.0,0.0,0.0,0.0,0.0,0.0,1.0
Stranmillis University College,11.0,2.0300000000000002,Stranmillis University College,,0.0,0.0,0.0,0.0,0.0,0.0,0.0,0.0,0.0,0.0,0.0,0.0,0.0,0.0,0.0,0.0,0.0,0.0,0.0,0.0,0.0,0.0,0.0,0.0,0.0,0.0,0.0,0.0
Bishop Grosseteste University,45.2,1.98,Bishop Grosseteste University,,1.0,0.0,0.0,0.0,0.0,1.0,0.0,1.0,0.0,3.0,0.0,0.0,0.0,0.0,0.0,0.0,0.0,0.0,0.0,0.0,0.0,1.0,0.0,0.0,0.0,0.0,0.0,6.0
Leeds Trinity University,43.6,1.9100000000000001,Leeds Trinity University,,0.0,0.0,0.0,0.0,0.0,0.0,0.0,0.0,1.0,8.0,0.0,0.0,0.0,0.0,0.0,0.0,0.0,1.0,0.0,0.0,0.0,1.0,1.0,1.0,0.0,0.0,0.0,13.0
The University of Bolton,66.35,1.63,University of Bolton,,1.0,0.0,0.0,0.0,0.0,0.0,0.0,1.0,4.0,11.0,0.0,1.0,0.0,1.0,0.0,0.0,0.0,2.0,0.0,0.0,0.0,4.0,1.0,0.0,0.0,0.0,0.0,25.0
Leeds Arts University,70.99,1.5150000000000001,Leeds Arts University,,0.0,0.0,0.0,0.0,0.0,0.0,0.0,0.0,0.0,0.0,0.0,0.0,0.0,0.0,0.0,0.0,0.0,0.0,0.0,0.0,0.0,1.0,0.0,0.0,0.0,0.0,0.0,1.0
The Metanoia Institute,5.5,1.23,Metanoia Institute,,0.0,0.0,0.0,0.0,0.0,0.0,0.0,0.0,0.0,0.0,0.0,0.0,0.0,0.0,0.0,0.0,0.0,0.0,0.0,0.0,0.0,0.0,0.0,0.0,0.0,0.0,0.0,0.0
